﻿<?xml version="1.0" encoding="UTF-8"?>
<Module xmlns:xsi='http://www.w3.org/2001/XMLSchema-instance'
        xsi:noNamespaceSchemaLocation="https://raw.githubusercontent.com/BUTR/Bannerlord.XmlSchemas/master/SubModule.xsd" >
  <Id value="$moduleid$" />
  <Name value="$modulename$" />
  <Version value="v$version$" />
  <DefaultModule value="false" />
  <ModuleCategory value="Singleplayer"/>
  <ModuleType value="Community" />
  <Url value="https://github.com/SolWayward/Bannerlord.GameMaster/" />
  <DependedModules>
    <DependedModule Id="Native" DependentVersion="$gameversion$" />
    <DependedModule Id="SandBoxCore" DependentVersion="$gameversion$" />
    <DependedModule Id="Sandbox" DependentVersion="$gameversion$" />
    <DependedModule Id="StoryMode" DependentVersion="$gameversion$" />
    <DependedModule Id="CustomBattle" DependentVersion="$gameversion$" />
  </DependedModules>
  <!-- Community Dependency Metadata -->
  <!-- https://github.com/BUTR/Bannerlord.BLSE#community-dependency-metadata -->
  <DependedModuleMetadatas>
    <DependedModuleMetadata id="Native" order="LoadBeforeThis" version="$gameversion$.*" />
    <DependedModuleMetadata id="SandBoxCore" order="LoadBeforeThis" version="$gameversion$.*" />
    <DependedModuleMetadata id="Sandbox" order="LoadBeforeThis" version="$gameversion$.*" />
    <DependedModuleMetadata id="StoryMode" order="LoadBeforeThis" version="$gameversion$.*" />
    <DependedModuleMetadata id="CustomBattle" order="LoadBeforeThis" version="$gameversion$.*" />
  </DependedModuleMetadatas>
  <SubModules>
    <SubModule>
      <Name value="$modulename$" />
      <DLLName value="$moduleid$.$gameversion$.dll" />
      <SubModuleClassType value="$moduleid$.SubModule" />
      <Tags />
    </SubModule>
  </SubModules>
</Module>