<Tasks>
    <GetItem>
        <ItemId Value="3624152079"/>
    </GetItem>
   <UpdateItem>
        <ModuleFolder Value="C:\Program Files (x86)\Steam\steamapps\common\Mount &amp; Blade II Bannerlord\Modules\Bannerlord.GameMaster"/>
        <ChangeNotes Value=
"v1.3.13.10
Fixed potential crash when running certain commands while settlement ownership vote decision is pending

Strengthened Generated Clans
Clans Should also integrate with game systems and AI better now
Clans and especially kingdoms should generate much faster now.
Clans now use a random clan tier and the leaders troops, gold, and influence scale with tier
	Noble clans Tier 3-5
	Minor Clans Tier 1-3
	Kingdom Ruling Clan tier 6
	
Generated Kingdoms are now more powerful and declare wars more often
Generated Kingdoms will now integrate properly into AI systems

Pre existing generated clans and kingdoms will not get these improvements"
        />
        <Tags>
            <Tag Value="Utility" />
            <Tag Value="Singleplayer" />
            <Tag Value="v1.3.4" />
            <Tag Value="v1.3.5" />
            <Tag Value="v1.3.6" />
            <Tag Value="v1.3.7" />
            <Tag Value="v1.3.8" />
            <Tag Value="v1.3.9" />
            <Tag Value="v1.3.10" />
            <Tag Value="v1.3.11" />
            <Tag Value="v1.3.12" />
            <Tag Value="v1.3.13" />
        </Tags>
        <Visibility Value="Public"/>
    </UpdateItem>
</Tasks>