<Tasks>
    <CreateItem/>
    <UpdateItem>
        <ModuleFolder Value="C:\Program Files (x86)\Steam\steamapps\common\Mount &amp; Blade II Bannerlord\Modules\Bannerlord.GameMaster"/>
        <ItemDescription Value="Place Holder"/>
        
        <Tags> 
            <Tag Value="Utility" />
            <Tag Value="Singleplayer" />
            <Tag Value="v1.3.4" />
            <Tag Value="v1.3.5" />
            <Tag Value="v1.3.6" />
            <Tag Value="v1.3.7" />
            <Tag Value="v1.3.8" />
            <Tag Value="v1.3.9" />
            <Tag Value="v1.3.10" />
            <Tag Value="v1.3.12" />
        </Tags>
        <Image Value="C:\Program Files (x86)\Steam\steamapps\common\Mount &amp; Blade II Bannerlord\Modules\Bannerlord.GameMaster\Image.png"/>
        <Visibility Value="Public"/>
    </UpdateItem>
</Tasks>